TestSeason,Date,HomeTeam,AwayTeam,Bet,ModelProb,Odds,EV,ActualResult,Profit,Won,CumulativeProfit
2021,2021-08-13,Valencia,Getafe,home,0.600653798563545,2.55,0.5316671863370395,home,1.5499999999999998,True,1.5499999999999998
2021,2021-08-14,Osasuna,Espanol,home,0.6807075526366988,2.25,0.5315919934325724,draw,-1.0,False,0.5499999999999998
2021,2021-08-23,Getafe,Sevilla,away,0.6345423360898335,2.2,0.3959931393976337,away,1.2000000000000002,True,1.75
2021,2021-08-27,Mallorca,Espanol,home,0.5722584904669656,2.6,0.4878720752141108,home,1.6,True,3.35
2021,2021-08-29,Vallecano,Granada,home,0.610316853665419,2.55,0.5563079768468182,home,1.5499999999999998,True,4.9
2021,2021-09-18,Vallecano,Getafe,home,0.5937298351358333,2.37,0.4071397092719251,home,1.37,True,6.2700000000000005
2021,2021-09-19,Betis,Espanol,home,0.7451016346572444,2.0,0.4902032693144889,draw,-1.0,False,5.2700000000000005
2021,2021-09-19,Sociedad,Sevilla,away,0.4983013952756639,2.87,0.43012500444115553,draw,-1.0,False,4.2700000000000005
2021,2021-09-25,Valencia,Ath Bilbao,home,0.5014497323139274,2.6,0.3037693040162113,draw,-1.0,False,3.2700000000000005
2021,2021-10-03,Getafe,Sociedad,away,0.5449845479816109,2.2,0.19896600555954413,draw,-1.0,False,2.2700000000000005
2021,2021-10-16,Levante,Getafe,home,0.5187692519590992,2.5,0.29692312989774794,draw,-1.0,False,1.2700000000000005
2021,2021-10-17,Celta,Sevilla,away,0.623092969484811,2.2,0.3708045328665843,away,1.2000000000000002,True,2.4700000000000006
2021,2021-10-23,Elche,Espanol,home,0.543595107644461,2.7,0.4677067906400447,draw,-1.0,False,1.4700000000000006
2021,2021-10-23,Cadiz,Alaves,home,0.5132409845277964,2.5,0.283102461319491,away,-1.0,False,0.47000000000000064
2021,2021-10-24,Barcelona,Real Madrid,away,0.5725025023838372,2.45,0.40263113084040114,away,1.4500000000000002,True,1.9200000000000008
2021,2021-10-28,Granada,Getafe,home,0.612135279812286,2.6,0.5915517275119437,draw,-1.0,False,0.9200000000000008
2021,2021-10-31,Sociedad,Ath Bilbao,home,0.5530824341821045,2.1,0.1614731117824193,draw,-1.0,False,-0.07999999999999918
2021,2021-11-01,Vallecano,Celta,home,0.5394359458020358,2.37,0.2784631915508249,draw,-1.0,False,-1.0799999999999992
2021,2021-11-06,Celta,Barcelona,away,0.5847163157841153,2.1,0.22790426314664214,draw,-1.0,False,-2.079999999999999
2021,2021-11-07,Betis,Sevilla,away,0.5820071081230006,2.45,0.4259174149013516,away,1.4500000000000002,True,-0.629999999999999
2021,2021-11-27,Mallorca,Getafe,home,0.5078845108918435,2.3,0.16813437505123985,draw,-1.0,False,-1.629999999999999
2021,2021-11-27,Villarreal,Barcelona,away,0.567915311019442,2.6,0.4765798086505493,away,1.6,True,-0.029999999999998916
2021,2021-11-28,Espanol,Sociedad,away,0.5362985984170514,2.3,0.2334867763592181,home,-1.0,False,-1.029999999999999
2021,2021-12-03,Granada,Alaves,home,0.49779728619911995,2.37,0.17977956829191433,home,1.37,True,0.3400000000000012
2021,2021-12-04,Sevilla,Villarreal,home,0.715589025679377,2.0,0.431178051358754,home,1.0,True,1.3400000000000012
2021,2021-12-04,Sociedad,Real Madrid,away,0.6054703841217208,2.25,0.3623083642738718,away,1.25,True,2.590000000000001
2021,2021-12-05,Vallecano,Espanol,home,0.6140436419149864,2.15,0.3201938301172207,home,1.15,True,3.740000000000001
2021,2021-12-11,Alaves,Getafe,home,0.4715672886390364,2.45,0.15533985716563925,draw,-1.0,False,2.740000000000001
2021,2021-12-18,Sevilla,Ath Madrid,away,0.46840340711664474,2.8,0.31152953992660515,home,-1.0,False,1.740000000000001
2021,2021-12-20,Levante,Valencia,away,0.44334823772071336,2.75,0.21920765373196183,away,1.75,True,3.490000000000001
2021,2021-12-21,Sevilla,Barcelona,home,0.48275311937775445,2.5,0.20688279844438617,draw,-1.0,False,2.490000000000001
2021,2021-12-22,Ath Bilbao,Real Madrid,away,0.718756625179846,2.1,0.5093889128776765,away,1.1,True,3.590000000000001
2021,2022-01-02,Mallorca,Barcelona,away,0.6651994966414987,2.15,0.4301789177792221,away,1.15,True,4.740000000000001
2021,2022-01-02,Alaves,Sociedad,away,0.5422009498903635,2.25,0.21995213725331775,draw,-1.0,False,3.740000000000001
2021,2022-01-09,Vallecano,Betis,away,0.42985784686496914,2.8,0.20360197122191348,draw,-1.0,False,2.740000000000001
2021,2022-01-09,Villarreal,Ath Madrid,away,0.4522027665282682,2.62,0.18477124830406266,draw,-1.0,False,1.740000000000001
2021,2022-01-19,Valencia,Sevilla,away,0.6350485148713724,2.25,0.42885915846058786,draw,-1.0,False,0.7400000000000011
2021,2022-01-21,Espanol,Betis,away,0.5758844732421926,2.25,0.2957400647949333,away,1.25,True,1.990000000000001
2021,2022-01-23,Granada,Osasuna,home,0.47773205705721195,2.5,0.19433014264302995,away,-1.0,False,0.9900000000000011
2021,2022-01-23,Vallecano,Ath Bilbao,home,0.43116486513313323,2.75,0.18570337911611645,away,-1.0,False,-0.009999999999998899
2021,2022-02-05,Elche,Alaves,home,0.534085672530708,2.37,0.2657830438977782,home,1.37,True,1.3600000000000012
2021,2022-02-05,Osasuna,Sevilla,away,0.6499110514423097,2.15,0.39730876060096576,draw,-1.0,False,0.3600000000000012
2021,2022-02-12,Villarreal,Real Madrid,away,0.5959167958458248,2.7,0.608975348783727,draw,-1.0,False,-0.6399999999999988
2021,2022-02-13,Levante,Betis,away,0.6624520717080091,2.1,0.3911493505868193,away,1.1,True,0.4600000000000013
2021,2022-02-13,Alaves,Valencia,away,0.5384367722004032,2.6,0.3999356077210483,home,-1.0,False,-0.5399999999999987
2021,2022-02-19,Cadiz,Getafe,draw,0.40523416650660565,2.9,0.1751790828691564,draw,1.9,True,1.3600000000000012
2021,2022-02-20,Valencia,Barcelona,away,0.5720325051118682,2.05,0.1726666354793298,away,1.0499999999999998,True,2.410000000000001
2021,2022-02-20,Espanol,Sevilla,away,0.7238587676806113,2.2,0.592489288897345,draw,-1.0,False,1.410000000000001
2021,2022-02-27,Sevilla,Betis,home,0.5718312058591668,2.2,0.25802865289016697,home,1.2000000000000002,True,2.610000000000001
2021,2022-03-06,Betis,Ath Madrid,away,0.5016556880800919,2.37,0.18892398074981775,away,1.37,True,3.9800000000000013
2021,2022-03-13,Vallecano,Sevilla,away,0.721790842493467,2.3,0.6601189377349741,draw,-1.0,False,2.9800000000000013
2021,2022-03-19,Vallecano,Ath Madrid,away,0.6699362723833825,2.0,0.339872544766765,away,1.0,True,3.9800000000000013
2021,2022-03-20,Sevilla,Sociedad,home,0.6891379921013595,2.05,0.41273288380778683,draw,-1.0,False,2.9800000000000013
2021,2022-04-09,Villarreal,Ath Bilbao,home,0.5227824241202942,2.3,0.20239957547667653,draw,-1.0,False,1.9800000000000013
2021,2022-04-16,Elche,Mallorca,home,0.5095246463428229,2.7,0.3757165451256219,home,1.7000000000000002,True,3.6800000000000015
2021,2022-04-16,Valencia,Osasuna,home,0.5447254366176784,2.15,0.17115968872800846,away,-1.0,False,2.6800000000000015
2021,2022-04-17,Sevilla,Real Madrid,away,0.5753173890142227,2.4,0.38076173363413446,away,1.4,True,4.080000000000002
2021,2022-04-20,Celta,Getafe,home,0.5600271219108331,2.15,0.20405831210829128,away,-1.0,False,3.080000000000002
2021,2022-04-21,Levante,Sevilla,away,0.6731667294725733,2.1,0.41365013189240396,away,1.1,True,4.1800000000000015
2021,2022-04-21,Sociedad,Barcelona,away,0.5664408919125258,2.1,0.18952587301630408,away,1.1,True,5.280000000000001
2021,2022-04-30,Ath Bilbao,Ath Madrid,away,0.564103553714098,2.55,0.4384640619709499,home,-1.0,False,4.280000000000001
2021,2022-05-01,Elche,Osasuna,home,0.4379912471922278,2.8,0.2263754921382377,draw,-1.0,False,3.280000000000001
2021,2022-05-02,Getafe,Betis,away,0.45776029597490064,2.7,0.23595279913223188,draw,-1.0,False,2.280000000000001
2021,2022-05-11,Osasuna,Getafe,home,0.45995660835323837,2.7,0.2418828425537436,draw,-1.0,False,1.2800000000000011
2021,2022-05-15,Levante,Alaves,home,0.4806991907959377,2.8,0.3459577342286255,home,1.7999999999999998,True,3.080000000000001
2021,2022-05-15,Getafe,Barcelona,away,0.6100060617559153,2.1,0.2810127296874223,draw,-1.0,False,2.080000000000001
2021,2022-05-15,Cadiz,Real Madrid,away,0.8079593596045581,2.2,0.777510591130028,draw,-1.0,False,1.080000000000001
2021,2022-05-22,Barcelona,Villarreal,home,0.584804695901798,2.1,0.22808986139377585,away,-1.0,False,0.08000000000000096
2021,2022-05-22,Sevilla,Ath Bilbao,home,0.6498999868756308,2.5,0.6247499671890768,home,1.5,True,1.580000000000001
2021,2022-05-22,Sociedad,Ath Madrid,away,0.4599560798008776,2.7,0.24188141546236963,away,1.7000000000000002,True,3.280000000000001
2022,2022-08-12,Osasuna,Sevilla,away,0.5285555707307142,2.4,0.2685333697537142,home,-1.0,False,2.280000000000001
2022,2022-08-20,Mallorca,Betis,away,0.5189460271835,2.4,0.24547046524040006,away,1.4,True,3.680000000000001
2022,2022-08-22,Girona,Getafe,home,0.6946852063690085,2.8,0.9451185778332238,home,1.7999999999999998,True,5.48
2022,2022-09-03,Sociedad,Ath Madrid,away,0.4843360961750314,2.55,0.2350570452463301,draw,-1.0,False,4.48
2022,2022-09-09,Girona,Valladolid,home,0.6046072342432062,2.25,0.3603662770472138,home,1.25,True,5.73
2022,2022-09-10,Espanol,Sevilla,away,0.535297076683468,2.5,0.33824269170867005,away,1.5,True,7.23
2022,2022-09-11,Betis,Villarreal,home,0.4165236841907031,2.8,0.16626631573396877,home,1.7999999999999998,True,9.030000000000001
2022,2022-09-12,Almeria,Osasuna,home,0.46311059558325907,2.6,0.2040875485164737,away,-1.0,False,8.030000000000001
2022,2022-09-18,Ath Madrid,Real Madrid,away,0.5435938187447144,2.3,0.250265783112843,away,1.2999999999999998,True,9.330000000000002
2022,2022-10-01,Getafe,Valladolid,home,0.5510673534445006,2.3,0.26745491292235135,away,-1.0,False,8.330000000000002
2022,2022-10-02,Celta,Betis,away,0.4688678859876891,2.87,0.3456508327846677,home,-1.0,False,7.330000000000002
2022,2022-10-08,Almeria,Vallecano,home,0.44451733820508577,2.9,0.2891002807947487,home,1.9,True,9.230000000000002
2022,2022-10-09,Cadiz,Espanol,home,0.40381600234448795,2.87,0.15895192672868053,draw,-1.0,False,8.230000000000002
2022,2022-10-09,Valladolid,Betis,away,0.5229859969954179,2.4,0.2551663927890029,draw,-1.0,False,7.230000000000002
2022,2022-10-15,Mallorca,Sevilla,away,0.5046535874865362,2.7,0.3625646862136478,away,1.7000000000000002,True,8.930000000000003
2022,2022-10-16,Celta,Sociedad,away,0.46275974250777496,2.8,0.29572727902176976,away,1.7999999999999998,True,10.730000000000004
2022,2022-10-18,Sevilla,Valencia,home,0.5426821864926911,2.25,0.22103491960855481,draw,-1.0,False,9.730000000000004
2022,2022-10-29,Sevilla,Vallecano,home,0.6146704887394934,2.0,0.22934097747898674,away,-1.0,False,8.730000000000004
2022,2022-11-09,Mallorca,Ath Madrid,away,0.5722716975280017,2.1,0.2017705648088035,home,-1.0,False,7.730000000000004
2022,2022-12-29,Betis,Ath Bilbao,home,0.469934315701838,2.88,0.3534108292212934,draw,-1.0,False,6.730000000000004
2022,2022-12-30,Getafe,Mallorca,home,0.4834296478042135,2.75,0.3294315314615872,home,1.75,True,8.480000000000004
2022,2023-01-07,Villarreal,Real Madrid,away,0.7024000257407543,2.05,0.4399200527685463,home,-1.0,False,7.480000000000004
2022,2023-01-14,Sociedad,Ath Bilbao,home,0.506956194802818,2.4,0.21669486752676304,home,1.4,True,8.880000000000004
2022,2023-01-15,Getafe,Espanol,home,0.509186628384673,2.5,0.2729665709616824,away,-1.0,False,7.880000000000004
2022,2023-01-20,Mallorca,Celta,home,0.4286194497754087,2.8,0.20013445937114427,home,1.7999999999999998,True,9.680000000000003
2022,2023-01-21,Espanol,Betis,away,0.43866705996930183,2.7,0.18440106191711503,home,-1.0,False,8.680000000000003
2022,2023-01-22,Ath Bilbao,Real Madrid,away,0.6549864032535777,2.38,0.5588676397435148,away,1.38,True,10.060000000000002
2022,2023-01-27,Almeria,Espanol,home,0.5252312678720902,2.38,0.25005041753557466,home,1.38,True,11.440000000000001
2022,2023-01-28,Cadiz,Mallorca,home,0.5049875524650079,2.88,0.4543641510992227,home,1.88,True,13.32
2022,2023-02-04,Betis,Celta,home,0.6266730592208276,2.2,0.37868073028582083,away,-1.0,False,12.32
2022,2023-02-20,Getafe,Valencia,home,0.4542157626944029,2.75,0.24909334740960798,home,1.75,True,14.07
2022,2023-02-24,Elche,Betis,away,0.5732475731437101,2.1,0.20381990360179136,away,1.1,True,15.17
2022,2023-02-25,Valencia,Sociedad,away,0.4859759948715993,2.5,0.21493998717899832,home,-1.0,False,14.17
2022,2023-03-06,Osasuna,Celta,home,0.4661435923766379,2.8,0.30520205865458605,draw,-1.0,False,13.17
2022,2023-03-10,Cadiz,Getafe,home,0.47480665668215655,2.5,0.18701664170539134,draw,-1.0,False,12.17
2022,2023-03-12,Ath Bilbao,Barcelona,away,0.5621455709638236,2.15,0.20861297757222053,away,1.15,True,13.32
2022,2023-04-22,Osasuna,Betis,away,0.42016627535035433,2.88,0.2100788730090204,home,-1.0,False,12.32
2022,2023-05-02,Sociedad,Real Madrid,away,0.6153396429337583,2.8,0.7229510002145232,home,-1.0,False,11.32
2022,2023-05-03,Valencia,Villarreal,away,0.4984862549841601,2.55,0.2711399502096081,draw,-1.0,False,10.32
2022,2023-05-21,Valencia,Real Madrid,away,0.643587851565113,2.2,0.4158932734432488,home,-1.0,False,9.32
2022,2023-05-24,Espanol,Ath Madrid,away,0.7206642786620465,2.38,0.7151809832156706,draw,-1.0,False,8.32
2022,2023-05-24,Betis,Getafe,home,0.6224263473919183,2.0,0.24485269478383653,away,-1.0,False,7.32
2022,2023-05-27,Sevilla,Real Madrid,away,0.48793027895196656,2.4,0.17103266948471973,away,1.4,True,8.72
2022,2023-05-28,Vallecano,Villarreal,away,0.5262465301370945,2.2,0.1577423663016082,home,-1.0,False,7.720000000000001
2022,2023-05-28,Almeria,Valladolid,home,0.5227750019546072,2.25,0.17624375439786633,draw,-1.0,False,6.720000000000001
2022,2023-06-04,Villarreal,Ath Madrid,away,0.5157423254421777,2.5,0.28935581360544416,draw,-1.0,False,5.720000000000001
2022,2023-06-04,Celta,Barcelona,away,0.6820239111252656,2.5,0.705059777813164,home,-1.0,False,4.720000000000001
2022,2023-06-04,Betis,Valencia,home,0.6133774708574394,2.63,0.6131827483550656,draw,-1.0,False,3.7200000000000006
2023,2023-08-12,Las Palmas,Mallorca,home,0.628768862655009,2.4,0.5090452703720214,draw,-1.0,False,2.7200000000000006
2023,2023-08-12,Ath Bilbao,Real Madrid,away,0.572375502000313,2.15,0.23060732930067274,away,1.15,True,3.8700000000000006
2023,2023-08-14,Cadiz,Alaves,home,0.5942511041518923,2.2,0.30735242913416316,home,1.2000000000000002,True,5.07
2023,2023-08-18,Mallorca,Villarreal,away,0.47844857039272537,2.6,0.24396628302108603,away,1.6,True,6.67
2023,2023-08-19,Osasuna,Ath Bilbao,home,0.478397376486129,2.9,0.3873523918097741,away,-1.0,False,5.67
2023,2023-08-20,Girona,Getafe,home,0.5840017257562725,2.05,0.19720353780035849,home,1.0499999999999998,True,6.72
2023,2023-08-21,Alaves,Sevilla,away,0.5282047270176488,2.35,0.24128110849147455,home,-1.0,False,5.72
2023,2023-09-01,Almeria,Celta,home,0.4744494501904127,2.8,0.3284584605331555,away,-1.0,False,4.72
2023,2023-09-16,Valencia,Ath Madrid,away,0.6970866404514835,2.05,0.42902761292554104,home,-1.0,False,3.7199999999999998
2023,2023-09-24,Vallecano,Villarreal,away,0.4778669724788497,2.63,0.25679013761937464,draw,-1.0,False,2.7199999999999998
2023,2023-09-24,Ath Madrid,Real Madrid,home,0.4490006892409175,2.7,0.21230186095047743,home,1.7000000000000002,True,4.42
2023,2023-09-27,Valencia,Sociedad,away,0.5147924394390583,2.8,0.44141883042936314,away,1.7999999999999998,True,6.22
2023,2023-09-27,Cadiz,Vallecano,home,0.4786021011588216,2.5,0.19650525289705412,draw,-1.0,False,5.22
2023,2023-09-28,Osasuna,Ath Madrid,away,0.6268189956876558,2.15,0.3476608407284598,away,1.15,True,6.369999999999999
2023,2023-09-30,Sociedad,Ath Bilbao,home,0.5229531642264834,2.2,0.15049696129826362,home,1.2000000000000002,True,7.569999999999999
2023,2023-10-02,Las Palmas,Celta,home,0.47509318837683717,2.5,0.18773297094209296,home,1.5,True,9.07
2023,2023-10-08,Alaves,Betis,away,0.5337939542909692,2.6,0.38786428115652005,draw,-1.0,False,8.07
2023,2023-10-21,Celta,Ath Madrid,away,0.6008350675502943,2.1,0.2617536418556179,away,1.1,True,9.17
2023,2023-10-28,Barcelona,Real Madrid,away,0.45445117437931143,2.6,0.18157305338620966,away,1.6,True,10.77
2023,2023-10-29,Betis,Osasuna,home,0.6101220181263183,2.05,0.25075013715895245,home,1.0499999999999998,True,11.82
2023,2023-11-05,Villarreal,Ath Bilbao,home,0.4605770911088069,2.8,0.28961585510465926,away,-1.0,False,10.82
2023,2023-12-01,Las Palmas,Getafe,home,0.4905050823720617,2.38,0.1674020960455067,home,1.38,True,12.2
2023,2023-12-03,Mallorca,Alaves,home,0.5189688014554564,2.45,0.27147356356586827,draw,-1.0,False,11.2
2023,2023-12-11,Vallecano,Celta,home,0.5237670651906935,2.45,0.2832293097171992,draw,-1.0,False,10.2
2023,2023-12-16,Ath Bilbao,Ath Madrid,away,0.5038493852538714,2.9,0.4611632172362268,home,-1.0,False,9.2
2023,2023-12-20,Villarreal,Celta,home,0.548766954113245,2.4,0.31704068987178813,home,1.4,True,10.6
2023,2024-01-02,Getafe,Vallecano,home,0.5072312601337552,2.38,0.20721039911833739,away,-1.0,False,9.6
2023,2024-01-13,Mallorca,Celta,home,0.47945523960405295,2.5,0.1986380990101324,draw,-1.0,False,8.6
2023,2024-01-20,Celta,Sociedad,away,0.5241171586754663,2.4,0.257881180821119,away,1.4,True,10.0
2023,2024-01-26,Almeria,Alaves,home,0.45214800486149814,2.6,0.17558481263989512,away,-1.0,False,9.0
2023,2024-01-28,Celta,Girona,away,0.5930565060644001,2.5,0.48264126516100014,away,1.5,True,10.5
2023,2024-02-04,Osasuna,Celta,home,0.5130762749231723,2.38,0.22112153431714998,away,-1.0,False,9.5
2023,2024-02-09,Cadiz,Betis,away,0.477972640519927,2.6,0.24272886535181026,away,1.6,True,11.1
2023,2024-02-10,Las Palmas,Valencia,home,0.4729190734799675,2.75,0.3005274520699106,home,1.75,True,12.85
2023,2024-02-11,Sevilla,Ath Madrid,away,0.6212303344929698,2.05,0.27352218571058806,home,-1.0,False,11.85
2023,2024-02-18,Betis,Alaves,home,0.6227988154858766,2.1,0.3078775125203408,draw,-1.0,False,10.85
2023,2024-02-18,Mallorca,Sociedad,away,0.47803376394333985,2.5,0.19508440985834952,away,1.5,True,12.35
2023,2024-02-25,Las Palmas,Osasuna,home,0.4907885818802953,2.38,0.16807682487510278,draw,-1.0,False,11.35
2023,2024-03-03,Ath Bilbao,Barcelona,away,0.5328090913249588,2.4,0.27874181917990115,draw,-1.0,False,10.35
2023,2024-03-03,Mallorca,Girona,away,0.5520297293983878,2.3,0.2696683776162918,home,-1.0,False,9.35
2023,2024-03-04,Osasuna,Alaves,home,0.5136547018334819,2.38,0.2224981903636869,home,1.38,True,10.73
2023,2024-03-17,Ath Madrid,Barcelona,away,0.4279606339121405,2.8,0.19828977495399336,away,1.7999999999999998,True,12.530000000000001
2023,2024-03-31,Alaves,Sociedad,away,0.5262041845955769,2.38,0.25236595933747297,away,1.38,True,13.91
2023,2024-04-12,Betis,Celta,home,0.6454647699146081,2.1,0.355476016820677,home,1.1,True,15.01
2023,2024-04-14,Las Palmas,Sevilla,home,0.47010546761265865,2.7,0.2692847625541783,away,-1.0,False,14.01
2023,2024-04-26,Sociedad,Real Madrid,away,0.6582673189125013,2.9,0.9089752248462539,away,1.9,True,15.91
2023,2024-05-04,Girona,Barcelona,away,0.501536724158232,2.4,0.20368813797975682,home,-1.0,False,14.91
2023,2024-05-04,Mallorca,Ath Madrid,away,0.617773117960526,2.15,0.3282122036151309,away,1.15,True,16.06
2023,2024-05-10,Alaves,Girona,away,0.5940700642361183,2.05,0.21784363168404242,draw,-1.0,False,15.059999999999999
2023,2024-05-12,Valencia,Vallecano,home,0.5566212615059886,2.25,0.2523978383884742,draw,-1.0,False,14.059999999999999
2023,2024-05-14,Osasuna,Mallorca,home,0.4619165637170915,2.8,0.2933663784078562,draw,-1.0,False,13.059999999999999
2023,2024-05-15,Celta,Ath Bilbao,away,0.4490101473879101,2.7,0.21232739794735744,home,-1.0,False,12.059999999999999
2023,2024-05-19,Villarreal,Real Madrid,away,0.7038775250995621,2.05,0.4429489264541022,draw,-1.0,False,11.059999999999999
2023,2024-05-25,Vallecano,Ath Bilbao,away,0.5143053535466542,2.38,0.22404674144103698,away,1.38,True,12.439999999999998
2024,2024-08-24,Getafe,Vallecano,home,0.4876657622096283,2.45,0.1947811174135894,draw,-1.0,False,11.439999999999998
2024,2024-08-31,Ath Bilbao,Ath Madrid,away,0.5031764158232255,2.38,0.19755986965927663,away,1.38,True,12.819999999999997
2024,2024-08-31,Espanol,Vallecano,home,0.44497382785495826,2.8,0.2459267179938831,home,1.7999999999999998,True,14.619999999999997
2024,2024-09-01,Sevilla,Girona,away,0.4937478525775713,2.75,0.3578065945883211,away,1.75,True,16.369999999999997
2024,2024-09-14,Mallorca,Villarreal,away,0.4769994314489961,2.88,0.3737583625731087,away,1.88,True,18.249999999999996
2024,2024-09-21,Valencia,Girona,away,0.5086586915391413,2.5,0.27164672884785324,home,-1.0,False,17.249999999999996
2024,2024-09-29,Ath Madrid,Real Madrid,away,0.5908367654522144,2.5,0.47709191363053605,draw,-1.0,False,16.249999999999996
2024,2024-10-04,Leganes,Valencia,home,0.4451119805948146,2.9,0.29082474372496225,draw,-1.0,False,15.249999999999996
2024,2024-10-19,Girona,Sociedad,home,0.5294315526725623,2.4,0.27063572641414946,away,-1.0,False,14.249999999999996
2024,2024-10-26,Las Palmas,Girona,away,0.4701998390311924,2.45,0.1519896056264214,home,-1.0,False,13.249999999999996
2024,2024-10-27,Betis,Ath Madrid,away,0.5159274556755231,2.3,0.18663314805370312,home,-1.0,False,12.249999999999996
2024,2024-10-28,Mallorca,Ath Bilbao,away,0.469850500325102,2.55,0.19811877582900994,draw,-1.0,False,11.249999999999996
2024,2024-11-09,Leganes,Sevilla,home,0.4295481400672558,2.88,0.23709864339369657,home,1.88,True,13.129999999999995
2024,2024-11-10,Mallorca,Ath Madrid,away,0.6017330403885207,2.2,0.3238126888547457,away,1.2000000000000002,True,14.329999999999995
2024,2024-11-24,Ath Bilbao,Sociedad,home,0.5368405303525999,2.25,0.20789119329334982,home,1.25,True,15.579999999999995
2024,2024-11-24,Osasuna,Villarreal,away,0.43993529744539056,2.75,0.20982206797482394,draw,-1.0,False,14.579999999999995
2024,2024-12-01,Vallecano,Ath Bilbao,away,0.47173443569628803,2.7,0.27368297637997774,away,1.7000000000000002,True,16.279999999999994
2024,2024-12-04,Ath Bilbao,Real Madrid,away,0.6817592767251827,2.25,0.533958372631661,home,-1.0,False,15.279999999999994
2024,2025-01-11,Alaves,Girona,away,0.4484346522945268,2.75,0.23319529380994863,away,1.75,True,17.029999999999994
2024,2025-01-12,Las Palmas,Getafe,home,0.5046970654760565,2.45,0.2365078104163385,away,-1.0,False,16.029999999999994
2024,2025-01-19,Celta,Ath Bilbao,away,0.45000326869276674,2.6,0.1700084986011936,away,1.6,True,17.629999999999995
2024,2025-02-16,Betis,Sociedad,home,0.47538403758609293,2.55,0.21222929584453687,home,1.5499999999999998,True,19.179999999999996
2024,2025-03-02,Mallorca,Alaves,home,0.5421345438998116,2.25,0.2198027237745761,draw,-1.0,False,18.179999999999996
2024,2025-03-02,Osasuna,Valencia,home,0.5289239538176544,2.3,0.21652509378060514,draw,-1.0,False,17.179999999999996
2024,2025-03-14,Las Palmas,Alaves,home,0.40849155645745117,2.88,0.17645568259745925,draw,-1.0,False,16.179999999999996
2024,2025-03-15,Villarreal,Real Madrid,away,0.5825209220167993,2.15,0.2524199823361184,away,1.15,True,17.329999999999995
2024,2025-03-16,Sevilla,Ath Bilbao,away,0.47553389820425096,2.5,0.1888347455106274,away,1.5,True,18.829999999999995
2024,2025-04-05,Girona,Alaves,home,0.5916928003599123,2.05,0.21297024073782023,away,-1.0,False,17.829999999999995
2024,2025-04-05,Mallorca,Celta,home,0.4567129827095332,2.63,0.2011551445260722,away,-1.0,False,16.829999999999995
2024,2025-04-06,Sevilla,Ath Madrid,away,0.5763816420536029,2.2,0.2680396125179265,away,1.2000000000000002,True,18.029999999999994
2024,2025-04-18,Espanol,Getafe,home,0.4189420113483044,2.88,0.20655299268311667,home,1.88,True,19.909999999999993
2024,2025-04-23,Celta,Villarreal,away,0.42416170638049183,2.8,0.18765277786537715,home,-1.0,False,18.909999999999993
2024,2025-04-24,Osasuna,Sevilla,home,0.4645919796808595,2.5,0.1614799492021488,home,1.5,True,20.409999999999993
2024,2025-05-03,Alaves,Ath Madrid,away,0.6440988777416025,2.15,0.3848125871444452,draw,-1.0,False,19.409999999999993
2024,2025-05-15,Getafe,Ath Bilbao,away,0.48935816243878427,2.63,0.2870119672140026,away,1.63,True,21.039999999999992
2024,2025-05-15,Osasuna,Ath Madrid,away,0.5855154744488349,2.1,0.22958249634255323,home,-1.0,False,20.039999999999992
2024,2025-05-15,Vallecano,Betis,away,0.4895885194896457,2.4,0.1750124467751497,draw,-1.0,False,19.039999999999992
2024,2025-05-18,Las Palmas,Leganes,home,0.4163781804662432,2.9,0.20749672335210523,away,-1.0,False,18.039999999999992
2024,2025-05-25,Ath Bilbao,Barcelona,away,0.6077189613064051,2.1,0.27620981874345074,away,1.1,True,19.139999999999993
2025,2025-08-16,Valencia,Sociedad,home,0.5164803871200417,2.6,0.3428490065121086,draw,-1.0,False,18.139999999999993
2025,2025-08-18,Elche,Betis,away,0.5319521118211116,2.2,0.17029464600644562,draw,-1.0,False,17.139999999999993
2025,2025-08-29,Valencia,Getafe,home,0.5206711224607771,2.3,0.19754358165978725,home,1.2999999999999998,True,18.439999999999994
2025,2025-08-31,Celta,Villarreal,away,0.49381818350569306,2.5,0.2345454587642326,draw,-1.0,False,17.439999999999994
2025,2025-09-14,Osasuna,Vallecano,home,0.4683176650504918,2.55,0.19421004587875412,home,1.5499999999999998,True,18.989999999999995
2025,2025-09-20,Valencia,Ath Bilbao,away,0.49139199181175247,2.55,0.2530495791199687,home,-1.0,False,17.989999999999995
2025,2025-09-23,Sevilla,Villarreal,away,0.5095130951201874,2.3,0.17188011877643095,away,1.2999999999999998,True,19.289999999999996
2025,2025-09-27,Ath Madrid,Real Madrid,away,0.5593495166469842,2.3,0.2865038882880635,home,-1.0,False,18.289999999999996
2025,2025-10-03,Osasuna,Getafe,home,0.555006409485258,2.15,0.19326378039330483,home,1.15,True,19.439999999999994
2025,2025-10-04,Oviedo,Levante,home,0.4609488353819322,2.5,0.15237208845483052,away,-1.0,False,18.439999999999994
2025,2025-11-01,Sociedad,Ath Bilbao,away,0.4256068790263664,2.8,0.19169926127382575,home,-1.0,False,17.439999999999994
2025,2025-11-08,Espanol,Villarreal,away,0.5362792320921397,2.38,0.27634457237929233,away,1.38,True,18.819999999999993
2025,2025-11-22,Osasuna,Sociedad,home,0.45447212225642325,2.8,0.272521942317985,away,-1.0,False,17.819999999999993
2025,2025-11-30,Sociedad,Villarreal,away,0.539791545552235,2.45,0.3224892866029758,away,1.4500000000000002,True,19.269999999999992
2025,2025-12-06,Ath Bilbao,Ath Madrid,away,0.5176016822929587,2.25,0.16460378515915708,home,-1.0,False,18.269999999999992
2025,2026-01-03,Elche,Villarreal,away,0.5648267119583358,2.2,0.24261876630833878,away,1.2000000000000002,True,19.46999999999999
2025,2026-01-17,Betis,Villarreal,away,0.44942282947477397,2.63,0.1819820415186555,home,-1.0,False,18.46999999999999
2025,2026-01-18,Celta,Vallecano,home,0.5663438917550866,2.05,0.16100497809792746,home,1.0499999999999998,True,19.519999999999992
2025,2026-01-25,Alaves,Betis,away,0.4696326948132063,2.7,0.268008275995657,home,-1.0,False,18.519999999999992
2025,2026-01-31,Osasuna,Villarreal,away,0.5067449785176598,2.55,0.2921996952200323,draw,-1.0,False,17.519999999999992
2025,2026-02-02,Mallorca,Sevilla,home,0.4853784093036035,2.4,0.16490818232864823,home,1.4,True,18.91999999999999
2025,2026-02-08,Alaves,Getafe,home,0.5023939133217912,2.3,0.15550600064011966,away,-1.0,False,17.91999999999999
2025,2026-02-14,Getafe,Villarreal,away,0.5666818348328404,2.25,0.27503412837389085,home,-1.0,False,16.91999999999999
2025,2026-03-06,Celta,Real Madrid,away,0.6147531057933345,2.3,0.4139321433246692,away,1.2999999999999998,True,18.21999999999999
2025,2026-03-08,Getafe,Betis,away,0.4657801203023217,2.8,0.3041843368465007,home,-1.0,False,17.21999999999999
2025,2026-03-13,Alaves,Villarreal,away,0.5580994575043298,2.2,0.22781880650952568,draw,-1.0,False,16.21999999999999
2025,2026-04-04,Ath Madrid,Barcelona,away,0.5842852073520933,2.15,0.25621319580700064,away,1.15,True,17.36999999999999
2025,2026-04-05,Oviedo,Sevilla,home,0.4145105480977022,2.8,0.16062953467356622,home,1.7999999999999998,True,19.16999999999999
2025,2026-04-11,Sevilla,Ath Madrid,away,0.5799590706634912,2.8,0.6238853978577752,home,-1.0,False,18.16999999999999
2025,2026-04-22,Elche,Ath Madrid,away,0.6102206229786863,2.45,0.4950405262977815,home,-1.0,False,17.16999999999999
2025,2026-04-22,Sociedad,Getafe,home,0.5252903717871342,2.3,0.2081678551104087,away,-1.0,False,16.16999999999999
2025,2026-04-25,Ath Madrid,Ath Bilbao,home,0.6412161979654644,2.2,0.41067563552402175,home,1.2000000000000002,True,17.36999999999999
2025,2026-04-26,Osasuna,Sevilla,home,0.5798736070618694,2.05,0.1887408944768323,home,1.0499999999999998,True,18.41999999999999
2025,2026-04-26,Villarreal,Celta,home,0.6178320484991187,2.05,0.26655569942319324,home,1.0499999999999998,True,19.46999999999999
2025,2026-05-09,Ath Madrid,Celta,home,0.6458600458620559,2.05,0.32401309401721456,away,-1.0,False,18.46999999999999
2025,2026-05-12,Osasuna,Ath Madrid,away,0.464425766725866,2.63,0.22143976648902752,away,1.63,True,20.09999999999999
2025,2026-05-13,Villarreal,Sevilla,home,0.7390409092486709,2.1,0.551985909422209,away,-1.0,False,19.09999999999999
2025,2026-05-13,Alaves,Barcelona,away,0.7632450601867762,2.15,0.6409768794015687,home,-1.0,False,18.09999999999999
2025,2026-05-17,Sevilla,Real Madrid,away,0.69546900217351,2.15,0.49525835467304646,away,1.15,True,19.24999999999999
2025,2026-05-17,Vallecano,Villarreal,away,0.4729778627021013,2.63,0.2439317789065263,home,-1.0,False,18.24999999999999
2025,2026-05-23,Betis,Levante,home,0.5946878811061739,2.25,0.3380477324888913,home,1.25,True,19.49999999999999
