Date,HomeTeam,AwayTeam,Bet,ModelProb,Odds,EV,ActualResult,Profit,Won,CumulativeProfit
2025-01-10,Vallecano,Celta,home,0.4180623789329579,2.75,0.14967154206563427,home,1.75,True,1.75
2025-01-11,Valladolid,Betis,draw,0.30369950817391744,3.5,0.062948278608711,home,-1.0,False,0.75
2025-01-11,Sevilla,Valencia,home,0.5249624910521756,2.0,0.049924982104351256,draw,-1.0,False,-0.25
2025-01-11,Alaves,Girona,away,0.4317154332729517,2.75,0.18721744150061714,away,1.75,True,1.5
2025-01-11,Espanol,Leganes,away,0.2692314216925649,4.0,0.07692568677025968,draw,-1.0,False,0.5
2025-01-12,Las Palmas,Getafe,home,0.5201544110866555,2.45,0.27437830716230605,away,-1.0,False,-0.5
2025-01-13,Sociedad,Villarreal,away,0.3428166155811036,4.0,0.3712664623244144,home,-1.0,False,-1.5
2025-01-19,Celta,Ath Bilbao,away,0.4485268277434217,2.6,0.16616975213289642,away,1.6,True,0.10000000000000009
2025-01-19,Osasuna,Vallecano,home,0.4884613717637227,2.15,0.05019194929200377,draw,-1.0,False,-0.8999999999999999
2025-01-19,Valencia,Sociedad,away,0.40857956038387666,2.55,0.0418778789788854,home,-1.0,False,-1.9
2025-01-25,Sevilla,Espanol,draw,0.28214163540147497,3.8,0.07213821452560487,draw,2.8,True,0.8999999999999999
2025-01-25,Mallorca,Betis,away,0.3653663203724805,3.5,0.27878212130368185,away,2.5,True,3.4
2025-01-25,Ath Madrid,Villarreal,away,0.23878286376064425,4.75,0.1342186028630603,draw,-1.0,False,2.4
2025-01-26,Vallecano,Girona,away,0.39297975805672586,2.88,0.13178170320337035,home,-1.0,False,1.4
2025-01-27,Alaves,Celta,home,0.43435249234766343,2.63,0.14234705487435484,draw,-1.0,False,0.3999999999999999
2025-01-31,Leganes,Vallecano,home,0.40223113297062496,3.3,0.3273627388030622,away,-1.0,False,-0.6000000000000001
2025-02-01,Getafe,Sevilla,home,0.4205565553850036,2.45,0.03036356069325885,draw,-1.0,False,-1.6
2025-02-02,Osasuna,Sociedad,home,0.4314905008144594,3.0,0.29447150244337816,home,2.0,True,0.3999999999999999
2025-02-02,Valencia,Celta,draw,0.3421846546770446,3.1,0.06077242949883832,home,-1.0,False,-0.6000000000000001
2025-02-08,Las Palmas,Villarreal,draw,0.3691033858253972,3.9,0.439503204719049,away,-1.0,False,-1.6
2025-02-08,Celta,Betis,away,0.3478300721758783,3.2,0.1130562309628107,home,-1.0,False,-2.6
2025-02-09,Sevilla,Barcelona,draw,0.24723509530423207,4.5,0.11255792886904437,away,-1.0,False,-3.6
2025-02-10,Mallorca,Osasuna,away,0.31943789399194045,4.33,0.3831660809851021,draw,-1.0,False,-4.6
2025-02-15,Leganes,Alaves,home,0.4773242216864275,3.1,0.4797050872279254,draw,-1.0,False,-5.6
2025-02-16,Betis,Sociedad,home,0.45212688876144336,2.55,0.15292356634168058,home,1.5499999999999998,True,-4.05
2025-02-16,Valladolid,Sevilla,draw,0.34258331605417874,3.4,0.16478327458420772,away,-1.0,False,-5.05
2025-02-22,Vallecano,Villarreal,draw,0.3136777228857269,3.5,0.09787203010004397,away,-1.0,False,-6.05
2025-02-22,Alaves,Espanol,draw,0.3242946345749196,3.25,0.0539575623684887,away,-1.0,False,-7.05
2025-02-23,Getafe,Betis,away,0.35680232259315564,2.9,0.034726735520151264,away,1.9,True,-5.15
2025-02-28,Valladolid,Las Palmas,draw,0.3918288186509387,3.2,0.253852219683004,draw,2.2,True,-2.95
2025-03-01,Girona,Celta,home,0.5185170852365855,2.2,0.14073758752048815,draw,-1.0,False,-3.95
2025-03-02,Mallorca,Alaves,home,0.5584813988367886,2.25,0.25658314738277443,draw,-1.0,False,-4.95
2025-03-02,Osasuna,Valencia,home,0.5510510178024363,2.3,0.2674173409456033,draw,-1.0,False,-5.95
2025-03-02,Leganes,Getafe,home,0.3877147406886116,3.1,0.20191569613469595,home,2.1,True,-3.85
2025-03-08,Alaves,Villarreal,away,0.45605532254406694,2.38,0.08541166765487929,home,-1.0,False,-4.85
2025-03-09,Betis,Las Palmas,draw,0.23353442832109747,4.5,0.050904927444938686,home,-1.0,False,-5.85
2025-03-14,Las Palmas,Alaves,home,0.4244473057780566,2.88,0.222408240640803,draw,-1.0,False,-6.85
2025-03-15,Valladolid,Celta,draw,0.3862164997643564,3.8,0.46762269910455423,away,-1.0,False,-7.85
2025-03-15,Villarreal,Real Madrid,away,0.5861212104323789,2.15,0.2601606024296146,away,1.15,True,-6.699999999999999
2025-03-16,Sevilla,Ath Bilbao,away,0.4451175273622984,2.5,0.11279381840574598,away,1.5,True,-5.199999999999999
2025-03-16,Osasuna,Getafe,home,0.4965377085807366,2.25,0.11720984430665737,away,-1.0,False,-6.199999999999999
2025-03-16,Vallecano,Sociedad,home,0.42389063924064674,2.5,0.059726598101616846,draw,-1.0,False,-7.199999999999999
2025-03-16,Ath Madrid,Barcelona,home,0.3762356873036895,3.1,0.1663306306414376,away,-1.0,False,-8.2
2025-03-16,Leganes,Betis,draw,0.33856651549220806,3.3,0.11726950112428658,away,-1.0,False,-9.2
2025-03-29,Alaves,Vallecano,away,0.30268121296479555,4.1,0.2409929731556617,away,3.0999999999999996,True,-6.1
2025-03-30,Valencia,Mallorca,away,0.284701249697775,3.75,0.06762968636665612,home,-1.0,False,-7.1
2025-03-30,Getafe,Villarreal,home,0.32782008295921583,3.25,0.06541526961745148,away,-1.0,False,-8.1
2025-03-31,Celta,Las Palmas,draw,0.2598886305165856,4.1,0.06554338511800095,draw,3.0999999999999996,True,-5.0
2025-04-05,Girona,Alaves,home,0.602221510511634,2.05,0.2345540965488495,away,-1.0,False,-6.0
2025-04-05,Mallorca,Celta,home,0.4755023050808045,2.63,0.2505710623625157,away,-1.0,False,-7.0
2025-04-06,Valladolid,Getafe,draw,0.37368847335799904,3.1,0.15843426740979716,away,-1.0,False,-8.0
2025-04-06,Las Palmas,Sociedad,draw,0.3286622213365882,3.2,0.05171910827708226,away,-1.0,False,-9.0
2025-04-06,Sevilla,Ath Madrid,away,0.5661459983239099,2.2,0.24552119631260183,away,1.2000000000000002,True,-7.8
2025-04-06,Villarreal,Ath Bilbao,away,0.37876426519380074,3.25,0.23098386187985231,draw,-1.0,False,-8.8
2025-04-07,Leganes,Osasuna,draw,0.33457798832757135,3.1,0.03719176381547129,draw,2.1,True,-6.700000000000001
2025-04-11,Valencia,Sevilla,home,0.45091763603659624,2.3,0.03711056288417125,home,1.2999999999999998,True,-5.400000000000001
2025-04-13,Betis,Villarreal,home,0.44740796714256026,2.35,0.051408722785016625,away,-1.0,False,-6.400000000000001
2025-04-18,Espanol,Getafe,home,0.4289068110946335,2.88,0.2352516159525444,home,1.88,True,-4.520000000000001
2025-04-19,Las Palmas,Ath Madrid,draw,0.25063917820664294,4.2,0.05268454846790038,home,-1.0,False,-5.520000000000001
2025-04-20,Sevilla,Alaves,home,0.549704087236815,2.0,0.09940817447362993,draw,-1.0,False,-6.520000000000001
2025-04-20,Valladolid,Osasuna,draw,0.3607901958176172,3.4,0.22668666577989827,away,-1.0,False,-7.520000000000001
2025-04-23,Alaves,Sociedad,away,0.36500424200656983,3.4,0.24101442282233743,home,-1.0,False,-8.520000000000001
2025-04-23,Celta,Villarreal,away,0.42133986237632265,2.8,0.17975161465370326,home,-1.0,False,-9.520000000000001
2025-04-24,Osasuna,Sevilla,home,0.45410245232118235,2.5,0.13525613080295584,home,1.5,True,-8.020000000000001
2025-05-03,Alaves,Ath Madrid,away,0.6181393701179845,2.15,0.3289996457536666,draw,-1.0,False,-9.020000000000001
2025-05-03,Las Palmas,Valencia,draw,0.31739042826252717,3.3,0.04738841326633958,away,-1.0,False,-10.020000000000001
2025-05-04,Espanol,Betis,away,0.43684504134755536,2.38,0.039691198407181716,away,1.38,True,-8.64
2025-05-04,Sevilla,Leganes,draw,0.30236427467721033,3.5,0.058274961370236245,draw,2.5,True,-6.140000000000001
2025-05-04,Sociedad,Ath Bilbao,away,0.4289333805985972,3.0,0.2868001417957915,draw,-1.0,False,-7.140000000000001
2025-05-10,Celta,Sevilla,draw,0.30197604051077465,3.6,0.08711374583878873,home,-1.0,False,-8.14
2025-05-10,Girona,Villarreal,draw,0.2855190244819989,3.8,0.0849722930315957,away,-1.0,False,-9.14
2025-05-11,Barcelona,Real Madrid,away,0.42212888434265433,3.2,0.35081242989649386,home,-1.0,False,-10.14
2025-05-11,Leganes,Espanol,home,0.4393988659259148,2.4,0.05455727822219547,home,1.4,True,-8.74
2025-05-13,Sociedad,Celta,draw,0.32844862524910534,3.3,0.08388046332204757,away,-1.0,False,-9.74
2025-05-13,Valladolid,Girona,draw,0.3852843916096008,3.9,0.5026091272774431,away,-1.0,False,-10.74
2025-05-13,Sevilla,Las Palmas,draw,0.32164565319812677,3.7,0.19008891683306905,home,-1.0,False,-11.74
2025-05-14,Alaves,Valencia,away,0.3304836797225833,3.7,0.2227896149735582,home,-1.0,False,-12.74
2025-05-15,Getafe,Ath Bilbao,away,0.49315278284212294,2.63,0.2969918188747833,away,1.63,True,-11.11
2025-05-15,Osasuna,Ath Madrid,away,0.5578966576153398,2.1,0.17158298099221359,home,-1.0,False,-12.11
2025-05-15,Vallecano,Betis,away,0.4633282213788065,2.4,0.11198773130913553,draw,-1.0,False,-13.11
2025-05-18,Valencia,Ath Bilbao,away,0.41895475239322083,3.8,0.5920280590942391,away,2.8,True,-10.309999999999999
2025-05-18,Las Palmas,Leganes,home,0.41876695055500807,2.9,0.2144241566095233,away,-1.0,False,-11.309999999999999
2025-05-18,Celta,Vallecano,draw,0.277276867667714,3.9,0.0813797839040844,away,-1.0,False,-12.309999999999999
2025-05-18,Mallorca,Getafe,home,0.5583381185359892,2.0,0.1166762370719785,away,-1.0,False,-13.309999999999999
2025-05-24,Espanol,Las Palmas,draw,0.31386370809749703,4.75,0.4908526134631108,home,-1.0,False,-14.309999999999999
2025-05-24,Alaves,Osasuna,home,0.35345855558003825,3.2,0.13106737785612244,draw,-1.0,False,-15.309999999999999
2025-05-24,Getafe,Celta,home,0.3207426813103518,4.1,0.3150449933724422,away,-1.0,False,-16.31
2025-05-25,Ath Bilbao,Barcelona,away,0.5899253645527368,2.1,0.2388432655607473,away,1.1,True,-15.209999999999999
2025-08-16,Valencia,Sociedad,home,0.5001897054916237,2.6,0.3004932342782216,draw,-1.0,False,-16.21
2025-08-16,Alaves,Levante,home,0.49503203105775256,2.15,0.06431886677416787,home,1.15,True,-15.06
2025-08-17,Espanol,Ath Madrid,draw,0.2908559693525346,3.9,0.13433828047488494,home,-1.0,False,-16.060000000000002
2025-08-18,Elche,Betis,away,0.5470946586057286,2.2,0.203608248932603,draw,-1.0,False,-17.060000000000002
2025-08-23,Mallorca,Celta,home,0.39647345745951273,3.0,0.18942037237853815,draw,-1.0,False,-18.060000000000002
2025-08-24,Osasuna,Valencia,home,0.4883570364855619,2.4,0.17205688756534854,home,1.4,True,-16.660000000000004
2025-08-27,Celta,Betis,away,0.4121019277028244,3.25,0.3393312650341793,draw,-1.0,False,-17.660000000000004
2025-08-29,Valencia,Getafe,home,0.522037888414356,2.3,0.20068714335301885,home,1.2999999999999998,True,-16.360000000000003
2025-08-29,Elche,Levante,draw,0.34975432621261043,3.25,0.136701560190984,home,-1.0,False,-17.360000000000003
2025-08-30,Oviedo,Sociedad,home,0.6186263679346559,3.5,1.1651922877712955,home,2.5,True,-14.860000000000003
2025-08-30,Girona,Sevilla,draw,0.3394851053231262,3.3,0.12030084756631632,away,-1.0,False,-15.860000000000003
2025-08-31,Betis,Ath Bilbao,home,0.3714141905332892,3.0,0.11424257159986762,away,-1.0,False,-16.860000000000003
2025-08-31,Celta,Villarreal,away,0.4778447116815646,2.5,0.19461177920391148,draw,-1.0,False,-17.860000000000003
2025-09-12,Sevilla,Elche,draw,0.333682267684354,3.4,0.13451971012680364,draw,2.4,True,-15.460000000000003
2025-09-13,Ath Madrid,Villarreal,away,0.29528691037519256,4.33,0.27859232192458383,home,-1.0,False,-16.46
2025-09-13,Getafe,Oviedo,away,0.3219550233571019,4.5,0.44879760510695865,home,-1.0,False,-17.46
2025-09-14,Levante,Betis,draw,0.32041223391444945,3.25,0.04133976022196073,draw,2.25,True,-15.21
2025-09-14,Osasuna,Vallecano,home,0.4727960544706665,2.55,0.20562993890019965,home,1.5499999999999998,True,-13.66
2025-09-20,Valencia,Ath Bilbao,away,0.48804038622108453,2.55,0.24450298486376543,home,-1.0,False,-14.66
2025-09-20,Girona,Levante,draw,0.3718448115327016,3.6,0.33864132151772575,away,-1.0,False,-15.66
2025-09-21,Elche,Oviedo,away,0.309377181699032,4.5,0.3921973176456439,home,-1.0,False,-16.66
2025-09-21,Vallecano,Celta,home,0.45517428499832613,2.3,0.046900855496150085,draw,-1.0,False,-17.66
2025-09-23,Espanol,Valencia,away,0.3099339845455347,3.4,0.05377554745481805,draw,-1.0,False,-18.66
2025-09-23,Sevilla,Villarreal,away,0.5027679885272668,2.3,0.15636637361271344,away,1.2999999999999998,True,-17.36
2025-09-26,Girona,Espanol,draw,0.343340349993688,3.3,0.13302315497917028,draw,2.3,True,-15.059999999999999
2025-09-27,Ath Madrid,Real Madrid,away,0.5580183222131673,2.3,0.28344214109028454,home,-1.0,False,-16.06
2025-09-27,Getafe,Levante,draw,0.3436243214370582,3.1,0.06523539645488041,draw,2.1,True,-13.959999999999999
2025-09-27,Mallorca,Alaves,home,0.43995833060383777,2.35,0.03390207691901881,home,1.35,True,-12.61
2025-09-27,Villarreal,Ath Bilbao,home,0.5205436657898578,2.1,0.09314169815870144,home,1.1,True,-11.51
2025-09-28,Vallecano,Sevilla,draw,0.3199439962548545,3.3,0.05581518764101978,away,-1.0,False,-12.51
2025-10-03,Osasuna,Getafe,home,0.5540402943651118,2.15,0.19118663288499027,home,1.15,True,-11.36
2025-10-04,Girona,Valencia,draw,0.317910344671541,3.5,0.1126862063503935,home,-1.0,False,-12.36
2025-10-04,Oviedo,Levante,home,0.46751860665615536,2.5,0.16879651664038842,away,-1.0,False,-13.36
2025-10-05,Sociedad,Vallecano,draw,0.29466949997938907,3.6,0.06081019992580061,away,-1.0,False,-14.36
2025-10-05,Espanol,Betis,away,0.4375649159110875,2.63,0.1507957288461601,away,1.63,True,-12.73
2025-10-05,Celta,Ath Madrid,draw,0.27941048568157745,3.8,0.061759845589994145,draw,2.8,True,-9.93
2025-10-05,Alaves,Elche,home,0.5102261550907459,2.3,0.17352015670871546,home,1.2999999999999998,True,-8.629999999999999
2025-10-17,Oviedo,Espanol,home,0.4111971825647088,3.0,0.23359154769412638,away,-1.0,False,-9.629999999999999
2025-10-18,Villarreal,Betis,away,0.2892571799073905,4.0,0.1570287196295621,draw,-1.0,False,-10.629999999999999
2025-10-19,Levante,Vallecano,home,0.3897618418778675,2.88,0.12251410460825829,away,-1.0,False,-11.629999999999999
2025-10-19,Elche,Ath Bilbao,away,0.5441605302720054,2.1,0.14273711357121144,draw,-1.0,False,-12.629999999999999
2025-10-19,Celta,Sociedad,home,0.5094560352369689,2.1,0.06985767399763487,draw,-1.0,False,-13.629999999999999
2025-10-24,Sociedad,Sevilla,draw,0.328068717638625,3.5,0.14824051173518749,home,-1.0,False,-14.629999999999999
2025-10-25,Girona,Oviedo,away,0.2491151934891189,4.75,0.18329716907331473,draw,-1.0,False,-15.629999999999999
2025-10-25,Valencia,Villarreal,away,0.4824389924278944,2.2,0.06136578334136766,away,1.2000000000000002,True,-14.43
2025-10-26,Vallecano,Alaves,home,0.4991219959086029,2.1,0.04815619140806615,home,1.1,True,-13.33
2025-10-26,Real Madrid,Barcelona,away,0.38357051833909805,3.3,0.2657827105190236,home,-1.0,False,-14.33
2025-10-26,Mallorca,Levante,draw,0.31246453339869945,3.3,0.031132960215708216,draw,2.3,True,-12.030000000000001
2025-10-26,Osasuna,Celta,home,0.4645183448324512,2.35,0.09161811035626033,away,-1.0,False,-13.030000000000001
2025-11-01,Sociedad,Ath Bilbao,away,0.4375757948523248,2.8,0.22521222558650922,home,-1.0,False,-14.030000000000001
2025-11-02,Levante,Celta,draw,0.33667926819340266,3.4,0.14470951185756897,away,-1.0,False,-15.030000000000001
2025-11-02,Alaves,Espanol,home,0.44280588043225555,2.38,0.053877995428768255,home,1.38,True,-13.650000000000002
2025-11-03,Oviedo,Osasuna,home,0.3618739858388493,3.0,0.08562195751654778,draw,-1.0,False,-14.650000000000002
2025-11-07,Elche,Sociedad,draw,0.3372636970192193,3.2,0.07924383046150196,draw,2.2,True,-12.450000000000003
2025-11-08,Espanol,Villarreal,away,0.5429810421574275,2.38,0.29229488033467743,away,1.38,True,-11.070000000000004
2025-11-08,Girona,Alaves,draw,0.3192349691144898,3.25,0.037513649622091805,home,-1.0,False,-12.070000000000004
2025-11-08,Sevilla,Osasuna,away,0.3024466000706073,3.5,0.05856310024712563,home,-1.0,False,-13.070000000000004
2025-11-09,Valencia,Betis,draw,0.3093913061474787,3.4,0.0519304409014274,draw,2.4,True,-10.670000000000003
2025-11-09,Mallorca,Getafe,home,0.4270062731543429,2.5,0.06751568288585741,home,1.5,True,-9.170000000000003
2025-11-21,Valencia,Levante,home,0.5308367782512099,2.0,0.06167355650241979,home,1.0,True,-8.170000000000003
2025-11-22,Osasuna,Sociedad,home,0.4477498441889431,2.8,0.2536995637290407,away,-1.0,False,-9.170000000000003
2025-11-23,Oviedo,Vallecano,home,0.39503228734646983,3.5,0.38261300571264445,draw,-1.0,False,-10.170000000000003
2025-11-23,Betis,Girona,draw,0.24467700396778921,4.33,0.059451427180527316,draw,3.33,True,-6.840000000000003
2025-11-28,Getafe,Elche,home,0.49492576135157684,2.25,0.11358296304104787,home,1.25,True,-5.590000000000003
2025-11-29,Levante,Ath Bilbao,away,0.4847958277582952,2.15,0.04231102968033462,away,1.15,True,-4.440000000000003
2025-11-30,Sevilla,Betis,away,0.4562046858211456,2.38,0.0857671522543264,away,1.38,True,-3.060000000000003
2025-11-30,Sociedad,Villarreal,away,0.527721885844514,2.45,0.29291862031905924,away,1.4500000000000002,True,-1.610000000000003
2025-12-05,Oviedo,Mallorca,home,0.4493631648783343,2.55,0.14587607043975237,draw,-1.0,False,-2.610000000000003
2025-12-06,Ath Bilbao,Ath Madrid,away,0.5061778740036725,2.25,0.13890021650826312,home,-1.0,False,-3.610000000000003
2025-12-07,Valencia,Sevilla,home,0.5037329260707605,2.15,0.08302579105213503,draw,-1.0,False,-4.610000000000003
2025-12-07,Elche,Girona,draw,0.34910666295570353,3.3,0.15205198775382156,home,-1.0,False,-5.610000000000003
2025-12-07,Espanol,Vallecano,home,0.4611626002860707,2.25,0.03761585064365902,home,1.25,True,-4.360000000000003
2025-12-08,Osasuna,Levante,draw,0.27850756333416643,3.8,0.05832874066983229,home,-1.0,False,-5.360000000000003
2025-12-12,Sociedad,Girona,draw,0.2848646225192755,3.9,0.11097202782517446,away,-1.0,False,-6.360000000000003
2025-12-13,Mallorca,Elche,home,0.46194283754492094,2.45,0.1317599519850563,home,1.4500000000000002,True,-4.910000000000003
2025-12-15,Vallecano,Betis,away,0.4275360623866902,2.75,0.17572417156339792,draw,-1.0,False,-5.910000000000003
2025-12-20,Levante,Sociedad,draw,0.3685293016031429,3.4,0.2529996254506859,draw,2.4,True,-3.510000000000003
2025-12-20,Osasuna,Alaves,home,0.5006696350424475,2.2,0.10147319709338465,home,1.2000000000000002,True,-2.3100000000000027
2025-12-20,Oviedo,Celta,draw,0.31165296030498474,3.4,0.059620065036948056,draw,2.4,True,0.0899999999999972
2025-12-21,Villarreal,Barcelona,draw,0.23188514715696248,4.75,0.10145444899557177,away,-1.0,False,-0.9100000000000028
2026-01-02,Vallecano,Getafe,home,0.5539394836765613,2.05,0.13557594153695063,draw,-1.0,False,-1.9100000000000028
2026-01-03,Celta,Valencia,home,0.5432493268391533,2.0,0.08649865367830656,home,1.0,True,-0.9100000000000028
2026-01-03,Elche,Villarreal,away,0.5522260954990749,2.2,0.2148974100979648,away,1.2000000000000002,True,0.28999999999999737
2026-01-03,Osasuna,Ath Bilbao,home,0.36967484408603785,3.0,0.1090245322581136,draw,-1.0,False,-0.7100000000000026
2026-01-04,Mallorca,Girona,home,0.504572531075967,2.25,0.1352881949209257,away,-1.0,False,-1.7100000000000026
2026-01-09,Getafe,Sociedad,home,0.3523170648742185,3.3,0.16264631408492103,away,-1.0,False,-2.7100000000000026
2026-01-10,Girona,Osasuna,draw,0.33096397081278367,3.25,0.07563290514154697,home,-1.0,False,-3.7100000000000026
2026-01-10,Oviedo,Betis,draw,0.2961648433186055,3.5,0.03657695161511931,draw,2.5,True,-1.2100000000000026
2026-01-10,Valencia,Elche,draw,0.33921811696757836,3.2,0.08549797429625072,draw,2.2,True,0.9899999999999975
2026-01-11,Levante,Espanol,home,0.3484724181413246,3.1,0.08026449623810628,draw,-1.0,False,-0.010000000000002451
2026-01-12,Sevilla,Celta,draw,0.3390115779652651,3.3,0.11873820728537487,away,-1.0,False,-1.0100000000000025
2026-01-17,Betis,Villarreal,away,0.4428806171756323,2.63,0.16477602317191287,home,-1.0,False,-2.0100000000000025
2026-01-17,Mallorca,Ath Bilbao,home,0.3249132893706236,3.8,0.2346704996083695,home,2.8,True,0.7899999999999974
2026-01-18,Celta,Vallecano,home,0.5764463202907453,2.05,0.18171495659602765,home,1.0499999999999998,True,1.8399999999999972
2026-01-19,Elche,Sevilla,draw,0.3298107290985518,3.3,0.08837540602522087,draw,2.3,True,4.139999999999997
2026-01-23,Levante,Elche,draw,0.3656766068834545,3.3,0.20673280271539984,home,-1.0,False,3.139999999999997
2026-01-24,Villarreal,Real Madrid,away,0.5453371369346497,2.0,0.09067427386929938,away,1.0,True,4.139999999999997
2026-01-24,Vallecano,Osasuna,away,0.2866090118829372,3.6,0.03179244277857385,away,2.6,True,6.739999999999997
2026-01-24,Sevilla,Ath Bilbao,away,0.40117338182784434,2.63,0.05508599420723059,home,-1.0,False,5.739999999999997
2026-01-24,Valencia,Espanol,home,0.43696678043135895,2.45,0.0705686120568294,home,1.4500000000000002,True,7.189999999999997
2026-01-25,Alaves,Betis,away,0.4645457995779829,2.7,0.25427365886055386,home,-1.0,False,6.189999999999997
2026-01-25,Sociedad,Celta,away,0.33314927708136194,3.9,0.2992821806173116,home,-1.0,False,5.189999999999997
2026-01-26,Girona,Getafe,home,0.5349095684005581,2.1,0.12331009364117218,draw,-1.0,False,4.189999999999997
2026-01-31,Oviedo,Girona,home,0.38276861479893315,2.75,0.05261369069706623,home,1.75,True,5.939999999999997
2026-01-31,Osasuna,Villarreal,away,0.524787965917837,2.55,0.3382093130904844,draw,-1.0,False,4.939999999999997
2026-02-01,Ath Bilbao,Sociedad,home,0.4858107885907915,2.3,0.11736481375882035,draw,-1.0,False,3.939999999999997
2026-02-01,Getafe,Celta,away,0.3949390762236069,2.8,0.1058294134260993,draw,-1.0,False,2.939999999999997
2026-02-02,Mallorca,Sevilla,home,0.46768551110021644,2.4,0.12244522664051938,home,1.4,True,4.339999999999996
2026-02-07,Sociedad,Elche,draw,0.2708841322824191,4.0,0.08353652912967635,home,-1.0,False,3.3399999999999963
2026-02-08,Sevilla,Girona,draw,0.3423885767259603,3.3,0.12988230319566885,draw,2.3,True,5.639999999999996
2026-02-08,Alaves,Getafe,home,0.49732918565136325,2.3,0.14385712699813547,away,-1.0,False,4.639999999999996
2026-02-13,Elche,Osasuna,draw,0.3768036469697583,3.3,0.2434520350002023,draw,2.3,True,6.939999999999996
2026-02-14,Espanol,Celta,draw,0.32634350192093414,3.2,0.044299206146989345,draw,2.2,True,9.139999999999997
2026-02-14,Getafe,Villarreal,away,0.5923542831490167,2.25,0.3327971370852876,home,-1.0,False,8.139999999999997
2026-02-15,Levante,Valencia,draw,0.3366162318935729,3.25,0.09400275365411193,away,-1.0,False,7.139999999999997
2026-02-15,Mallorca,Betis,away,0.4440962435496782,2.45,0.08803579669671158,away,1.4500000000000002,True,8.589999999999996
2026-02-22,Getafe,Sevilla,home,0.46854539416608204,2.35,0.10108167629029285,away,-1.0,False,7.589999999999996
2026-02-23,Alaves,Girona,away,0.3046361051604295,3.5,0.06622636806150317,draw,-1.0,False,6.589999999999996
2026-02-27,Levante,Alaves,draw,0.3562982451779684,3.1,0.10452456005170196,home,-1.0,False,5.589999999999996
2026-02-28,Mallorca,Sociedad,draw,0.3549234655925545,3.3,0.17124743645542972,away,-1.0,False,4.589999999999996
2026-02-28,Vallecano,Ath Bilbao,away,0.3452600521016719,3.2,0.10483216672535,draw,-1.0,False,3.5899999999999963
2026-03-01,Elche,Espanol,draw,0.35595688497548955,3.3,0.17465772041911554,draw,2.3,True,5.889999999999996
2026-03-04,Vallecano,Oviedo,draw,0.2805189143541761,3.75,0.05194592882816029,home,-1.0,False,4.889999999999996
2026-03-06,Celta,Real Madrid,away,0.6404801971212043,2.3,0.47310445337876983,away,1.2999999999999998,True,6.189999999999996
2026-03-07,Levante,Girona,draw,0.3479322453409722,3.4,0.18296963415930545,draw,2.4,True,8.589999999999996
2026-03-08,Valencia,Alaves,home,0.5369551725379992,2.05,0.10075810370289817,home,1.0499999999999998,True,9.639999999999997
2026-03-08,Sevilla,Vallecano,draw,0.35394873053340115,3.1,0.09724106465354354,draw,2.1,True,11.739999999999997
2026-03-08,Getafe,Betis,away,0.4709374870942705,2.8,0.31862496386395733,home,-1.0,False,10.739999999999997
2026-03-09,Espanol,Oviedo,draw,0.3228889635815541,3.4,0.0978224761772839,draw,2.4,True,13.139999999999997
2026-03-13,Alaves,Villarreal,away,0.5538270765413766,2.2,0.2184195683910286,draw,-1.0,False,12.139999999999997
2026-03-14,Girona,Ath Bilbao,draw,0.31537732028112514,3.4,0.07228288895582535,home,-1.0,False,11.139999999999997
2026-03-14,Oviedo,Valencia,draw,0.343469793197413,3.2,0.09910333823172168,home,-1.0,False,10.139999999999997
2026-03-15,Sociedad,Osasuna,away,0.2445398959267517,4.33,0.05885774936283483,home,-1.0,False,9.139999999999997
2026-03-15,Betis,Celta,home,0.47066592692405734,2.2,0.03546503923292632,draw,-1.0,False,8.139999999999997
2026-03-15,Mallorca,Espanol,draw,0.3363525256346137,3.2,0.07632808203076391,home,-1.0,False,7.139999999999997
2026-03-21,Elche,Mallorca,draw,0.3448515207214798,3.3,0.13801001838088323,home,-1.0,False,6.139999999999997
2026-03-21,Espanol,Getafe,home,0.4624194037824718,2.35,0.08668559888880889,away,-1.0,False,5.139999999999997
2026-03-21,Levante,Oviedo,draw,0.3217552980806889,3.3,0.06179248366627332,home,-1.0,False,4.139999999999997
2026-03-21,Osasuna,Girona,draw,0.31403824400462665,3.4,0.0677300296157306,home,-1.0,False,3.139999999999997
2026-03-21,Sevilla,Valencia,draw,0.3318881471123282,3.2,0.06204207075945045,away,-1.0,False,2.139999999999997
2026-03-22,Ath Bilbao,Betis,away,0.38163476913661637,3.25,0.24031299969400322,home,-1.0,False,1.139999999999997
2026-04-03,Vallecano,Elche,draw,0.27078639421749734,3.9,0.05606693744823965,home,-1.0,False,0.13999999999999702
2026-04-04,Ath Madrid,Barcelona,away,0.5801307498662757,2.15,0.24728111221249272,away,1.15,True,1.289999999999997
2026-04-04,Sociedad,Levante,draw,0.29327465900532385,4.2,0.23175356782236012,home,-1.0,False,0.2899999999999969
2026-04-05,Valencia,Celta,away,0.3325320737361896,3.2,0.06410263595580679,away,2.2,True,2.489999999999997
2026-04-05,Oviedo,Sevilla,home,0.39968538739938037,2.8,0.11911908471826504,home,1.7999999999999998,True,4.289999999999997
2026-04-05,Alaves,Osasuna,draw,0.3267698543331833,3.2,0.0456635338661866,draw,2.2,True,6.4899999999999975
2026-04-05,Getafe,Ath Bilbao,home,0.36435193117939774,3.0,0.09305579353819327,home,2.0,True,8.489999999999998
2026-04-06,Girona,Villarreal,away,0.4943357208477664,2.2,0.08753858586508612,home,-1.0,False,7.489999999999998
2026-04-11,Elche,Valencia,draw,0.3575764358073714,3.3,0.1800022381643256,home,-1.0,False,6.489999999999998
2026-04-11,Sevilla,Ath Madrid,away,0.5740535548288386,2.8,0.6073499535207478,home,-1.0,False,5.489999999999998
2026-04-11,Sociedad,Alaves,draw,0.29047917113002497,3.7,0.07477293318109246,draw,2.7,True,8.189999999999998
2026-04-12,Osasuna,Betis,away,0.36122401933126685,3.3,0.19203926379318048,draw,-1.0,False,7.189999999999998
2026-04-12,Ath Bilbao,Villarreal,away,0.47295658414924757,3.1,0.4661654108626676,away,2.1,True,9.289999999999997
2026-04-21,Ath Bilbao,Osasuna,away,0.26791335782440423,4.5,0.20561011020981912,home,-1.0,False,8.289999999999997
2026-04-21,Girona,Betis,away,0.3634273212102589,3.0,0.09028196363077656,away,2.0,True,10.289999999999997
2026-04-21,Mallorca,Valencia,home,0.43653361659609563,2.6,0.13498740314984858,draw,-1.0,False,9.289999999999997
2026-04-22,Elche,Ath Madrid,away,0.6165659739756407,2.45,0.51058663624032,home,-1.0,False,8.289999999999997
2026-04-22,Sociedad,Getafe,home,0.527980383557349,2.3,0.21435488218190257,away,-1.0,False,7.289999999999997
2026-04-23,Vallecano,Espanol,home,0.499087344066889,2.1,0.048083422540466936,home,1.1,True,8.389999999999997
2026-04-23,Oviedo,Villarreal,away,0.5603877046657174,2.05,0.14879479456472056,draw,-1.0,False,7.389999999999997
2026-04-25,Alaves,Mallorca,draw,0.3607909125450466,3.0,0.08237273763513975,home,-1.0,False,6.389999999999997
2026-04-25,Ath Madrid,Ath Bilbao,home,0.6298026985760962,2.2,0.3855659368674116,home,1.2000000000000002,True,7.589999999999997
2026-04-25,Valencia,Girona,draw,0.3120913098470563,3.4,0.061110453479991333,home,-1.0,False,6.589999999999997
2026-04-26,Osasuna,Sevilla,home,0.56541186635923,2.05,0.15909432603642149,home,1.0499999999999998,True,7.639999999999997
2026-04-26,Oviedo,Elche,home,0.5008866295329056,2.4,0.20212791087897353,away,-1.0,False,6.639999999999997
2026-04-26,Villarreal,Celta,home,0.601190367193428,2.05,0.23244025274652724,home,1.0499999999999998,True,7.689999999999997
2026-04-27,Espanol,Levante,draw,0.34195560561171073,3.4,0.16264905907981642,draw,2.4,True,10.089999999999996
2026-05-01,Girona,Mallorca,draw,0.31356736001830865,3.4,0.06612902406224941,away,-1.0,False,9.089999999999996
2026-05-02,Valencia,Ath Madrid,away,0.5333401734720538,4.0,1.133360693888215,away,3.0,True,12.089999999999996
2026-05-02,Alaves,Ath Bilbao,draw,0.3220790846515949,3.4,0.09506888781542266,away,-1.0,False,11.089999999999996
2026-05-03,Getafe,Vallecano,away,0.2819847259819065,4.2,0.18433584912400724,away,3.2,True,14.289999999999996
2026-05-03,Celta,Elche,draw,0.299271367392166,3.8,0.1372311960902306,home,-1.0,False,13.289999999999996
2026-05-04,Sevilla,Sociedad,draw,0.33802277031542494,3.5,0.18307969610398733,home,-1.0,False,12.289999999999996
2026-05-08,Levante,Osasuna,away,0.3778450102171699,2.88,0.08819362942544928,home,-1.0,False,11.289999999999996
2026-05-09,Ath Madrid,Celta,home,0.6254614787004914,2.05,0.28219603133600724,away,-1.0,False,10.289999999999996
2026-05-09,Elche,Alaves,draw,0.34386582196765736,3.3,0.13475721249326922,draw,2.3,True,12.589999999999996
2026-05-09,Sociedad,Betis,draw,0.3081331327369717,3.5,0.0784659645794008,draw,2.5,True,15.089999999999996
2026-05-10,Oviedo,Getafe,home,0.41447998473805653,3.0,0.24343995421416964,draw,-1.0,False,14.089999999999996
2026-05-10,Mallorca,Villarreal,away,0.5529462547115755,3.0,0.6588387641347266,draw,-1.0,False,13.089999999999996
2026-05-10,Barcelona,Real Madrid,away,0.3481803254610596,4.33,0.5076208092463881,home,-1.0,False,12.089999999999996
2026-05-11,Vallecano,Girona,home,0.4680609376165432,2.3,0.07654015651804924,draw,-1.0,False,11.089999999999996
2026-05-12,Osasuna,Ath Madrid,away,0.4705847569711155,2.63,0.23763791083403385,away,1.63,True,12.719999999999995
2026-05-13,Villarreal,Sevilla,home,0.7408030190924053,2.1,0.5556863400940513,away,-1.0,False,11.719999999999995
2026-05-13,Espanol,Ath Bilbao,draw,0.3340534502297099,3.3,0.10237638575804264,home,-1.0,False,10.719999999999995
2026-05-13,Alaves,Barcelona,away,0.7505702019789406,2.15,0.6137259342547223,home,-1.0,False,9.719999999999995
2026-05-14,Girona,Sociedad,draw,0.32908698770051736,3.8,0.25053055326196594,draw,2.8,True,12.519999999999996
2026-05-17,Elche,Getafe,away,0.30345169844135933,3.4,0.03173577470062172,home,-1.0,False,11.519999999999996
2026-05-17,Levante,Mallorca,draw,0.3116061631020034,3.4,0.05946095454681144,home,-1.0,False,10.519999999999996
2026-05-17,Osasuna,Espanol,home,0.5547200748352349,2.05,0.13717615341223133,away,-1.0,False,9.519999999999996
2026-05-17,Oviedo,Alaves,home,0.3860748860885839,3.7,0.4284770785277605,away,-1.0,False,8.519999999999996
2026-05-17,Sevilla,Real Madrid,away,0.7028880566854819,2.15,0.5112093218737861,away,1.15,True,9.669999999999996
2026-05-17,Sociedad,Valencia,home,0.514853507967728,2.15,0.10693504213061522,away,-1.0,False,8.669999999999996
2026-05-17,Vallecano,Villarreal,away,0.48736009323687096,2.63,0.2817570452129705,home,-1.0,False,7.669999999999996
2026-05-23,Girona,Elche,draw,0.2861653661709529,3.9,0.11604492806671618,draw,2.9,True,10.569999999999997
2026-05-23,Celta,Sevilla,draw,0.28393290571318636,3.8,0.07894504171010808,home,-1.0,False,9.569999999999997
2026-05-23,Betis,Levante,home,0.6145872640062903,2.25,0.382821344014153,home,1.25,True,10.819999999999997
2026-05-23,Alaves,Vallecano,draw,0.3166952638957222,3.4,0.07676389724545563,away,-1.0,False,9.819999999999997
2026-05-23,Espanol,Sociedad,draw,0.32810669625659117,3.5,0.14837343689806914,draw,2.5,True,12.319999999999997
2026-05-24,Villarreal,Ath Madrid,home,0.44350669784074204,2.45,0.08659140970981816,home,1.4500000000000002,True,13.769999999999996
